Player,N,Team,Total AV,Position,School,College Gms,Yrs at College,Missed Gm in COL,Avg Pos Rk,Rd Drafted,Pos # Dr.,Org AllPro at Pos,Avg rk contract,First Start,Team Playoffs?,Arms,Hands,Bench Press,40 (Official),Vertical,Broad,3 Cone,20 Yard Shuttle
Jared Goff,1,LAR,52,QB,1,37,0,,1,1,0,4,6.984,2,11,32.75,9,,4.82,27,110,7.17,
Carson Wentz,2,PHI,48,QB,3,43,2,,2,1,1,0,6.669,1,2,33.25,10,,4.77,30.5,118,6.86,
Joey Bosa,3,SD,45,DE,1,40,0,,1,1,0,2,6.468,2,2,33.38,10.25,24,4.86,32,120,6.89,4.21
Ezekiel Elliott,4,DAL,58,RB,1,38,0,,1,1,0,7,6.239,1,1,31.25,10.25,,4.47,32.5,108,,
Jalen Ramsey,5,JAX,60,CB,1,41,0,,1,1,0,1,5.838,1,8,33.38,9.5,14,4.41,41.5,135,6.94,4.18
Ronnie Stanley,6,BAL,41,T,1,41,1,,2,1,0,4,5.121,1,1,35.63,10.63,,5.2,28.5,,8.03,4.9
DeForest Buckner,7,SF,55,DE,1,53,1,,2,1,1,4,4.548,1,2,34.38,11.75,,5.05,32,116,7.51,4.47
Jack Conklin,8,TEN,49,T,1,39,0,,4,1,1,3,3.974,1,7,35,10.38,25,5,30,103,7.63,4.57
Leonard Floyd,9,CHI,38,LB,1,38,0,,4,1,0,17,3.946,1,5,33.13,10.13,,4.6,39.5,127,,
Eli Apple,10,NYG,18,CB,1,27,0,,4,1,1,2,3.788,2,4,31.38,9.38,13,4.4,,,7,4.08
Vernon Hargreaves III,11,TB,19,CB,1,37,0,,2,1,2,3,3.544,1,10,30.63,8.75,15,4.5,39,130,,3.98
Sheldon Rankins,12,NO,18,DT,1,45,1,,1,1,0,1,3.2,3,2,33.38,9.38,28,5.03,34.5,118,7.44,4.59
Larmey Tunsil,13,MIA,37,T,1,29,0,,1,1,2,3,3.114,1,7,34.25,10,34,,28.5,111,,
Karl Joseph,14,OAK,20,S,1,42,1,,1,1,0,4,2.971,2,13,32.13,9.75,19,,,,,
Corey Coleman,15,CLE,6,WR,1,35,1,,3,1,0,2,2.801,1,13,30.25,9,17,4.39,40.5,129,,
Taylor Decker,16,DET,32,T,1,53,1,,3,1,3,1,2.742,1,1,33.75,10,20,5.23,29,101,7.7,4.76
Keanu Neal,17,ATL,19,S,1,34,0,,3,1,1,0,2.684,2,3,32.75,10.63,17,4.62,38,132,7.09,4.38
Ryan Kelly,18,IND,41,C,1,46,2,,1,1,0,2,2.613,1,1,33.63,9.63,26,5.03,30,103,7.58,4.59
Shaq Lawson,19,BUF,18,DE,1,41,0,,3,1,2,10,2.57,2,16,32.75,10,,4.7,33,120,7.16,4.21
Darron Lee,20,NYJ,20,LB,1,29,0,,2,1,1,1,2.555,2,5,33.25,9.75,17,4.47,35.5,133,7.12,4.2
Will Fuller,21,HOU,26,WR,1,38,0,,6,1,1,3,2.541,1,0,30.75,8.25,10,4.32,33.5,126,6.93,4.27
Josh Doctson,22,WSH,9,WR,1,48,1,,2,1,2,3,2.512,4,0,31.88,9.88,14,4.5,41,131,6.84,4.08
Laquon Treadwell,23,MIN,6,WR,1,35,0,,1,1,3,6,2.484,2,0,33.38,9.5,12,4.63,33,117,7.05,4.29
William Jackson III,24,CIN,17,CB,2,39,0,,3,1,3,3,2.426,4,0,31.75,9.25,10,4.37,,116,6.86,4.32
Artie Burns,25,PIT,15,CB,1,39,0,,6,1,4,8,2.398,2,0,33.25,9.5,7,4.46,31.5,124,6.96,4.33
Paxton Lynch,26,DEN,2,QB,2,37,0,,3,1,2,2,2.369,2,0,34.25,10.25,,4.86,36,118,7.14,
Kenny Clark,27,GB,36,DT,1,39,0,,8,1,1,0,2.34,2,0,32.13,10.5,29,5.06,28.5,102,,4.62
Joshua Garnett,28,SF,5,G,1,55,1,,1,1,0,2,2.326,2,2,33.38,9.88,30,5.32,29,99,7.62,4.64
Robert Nkemdiche,29,ARZ,5,DT,1,35,0,,6,1,2,0,2.15,4,0,33.88,10.75,28,4.87,35,116,,
Vernon Butler,30,CAR,8,DT,2,49,1,,4,1,3,2,2.099,4,0,35.13,10.75,26,5.33,29.5,104,7.82,4.76
Germain Ifedi,31,SEA,38,T,1,37,1,,5,1,4,4,2.066,2,0,36,10.75,24,5.27,32.5,109,,4.75
Emmanuel Ogbah,32,CLE,30,DE,1,39,1,,6,2,3,2,1.652,1,13,35.5,10,20,4.63,35.5,121,7.26,4.5
Kevin Dodd,33,TEN,2,DE,1,39,1,,5,2,4,2,1.638,2,7,34,10,,4.86,30.5,110,7.18,4.44
Jaylon Smith,34,DAL,35,LB,1,39,0,,5,2,2,10,1.624,3,1,33,9.5,,,,,,
Hunter Henry,35,SD,19,TE,1,38,0,,1,2,0,6,1.595,2,2,32.75,9.25,13,4.68,31.5,113,7.16,4.41
Myles Jack,36,JAX,38,LB,1,29,0,,1,2,3,1,1.584,2,8,33.63,10.25,19,,40,124,,
Chris Jones,37,KC,47,DT,1,39,0,,6,2,4,4,1.558,2,0,34.5,10.75,26,5.03,24.5,106,7.44,4.62
Xavien Howard,38,MIA,42,CB,1,39,1,,7,2,5,3,1.532,1,7,31.25,9.13,11,4.58,33,122,7.18,4.15
Noah Spence,39,TB,5,DE,3,26,0,,3,2,5,2,1.509,2,10,33,10.75,25,4.8,35,121,7.21,4.35
Sterling Shepard,40,NYG,27,WR,1,50,1,,5,2,4,0,1.486,1,4,30.38,9.75,20,4.48,41,123,7,4.35
Reggie Ragland,41,BUF,18,LB,1,53,1,,3,2,4,4,1.46,4,16,32,9.88,,4.72,31.5,116,,4.28
Kamalei Correa,42,BAL,10,DE,2,40,0,,9,2,6,1,1.437,2,1,31.63,9.38,21,4.69,33,108,,
Austin Johnson,43,TEN,12,DT,1,35,0,,11,2,5,4,1.416,4,7,32.75,9.88,25,5.32,26,99,7.84,4.75
Jihad Ward,44,OAK,11,DE,1,32,4,,8,2,7,3,1.385,1,13,33.88,9.38,20,5.11,25,111,7.38,4.63
Derrick Henry,45,TEN,47,RB,1,41,0,,2,2,1,5,1.352,1,7,33,8.75,22,4.54,37,130,7.2,4.38
A'Shawn Robinson,46,DET,20,DT,1,42,0,,2,2,6,5,1.308,2,1,34.5,10.5,22,5.2,26,106,7.8,4.74
Michael Thomas,47,NO,61,WR,1,38,1,,4,2,5,1,1.28,2,2,32.13,10.5,18,4.57,35,126,6.8,4.13
Jason Spriggs,48,GB,9,T,1,48,1,,6,2,5,2,1.251,2,0,34.13,10.13,31,4.94,31.5,115,7.7,4.44
Jarran Reed,49,SEA,31,DT,1,50,4,,3,2,7,4,1.222,2,0,33.38,10.5,,5.21,31,104,7.77,4.75
Nick Martin,50,HOU,30,C,1,50,2,,2,2,1,0,1.194,3,0,32.5,10,28,5.22,28,97,7.57,4.72
Christian Hackenberg,51,NYJ,0,QB,1,35,0,,5,2,3,1,1.165,5,5,32,9,,4.78,31,114,7.04,
Deion Jones,52,ATL,38,LB,1,51,1,,9,2,5,1,1.136,1,3,32.38,9.25,16,4.59,33,120,7.13,4.26
Su'a Cravens,53,WSH,5,LB,1,40,0,,6,2,6,5,1.108,2,0,32.13,9.5,16,4.69,27,114,6.92,4.41
Mackensie Alexander,54,MIN,11,CB,1,27,0,,5,2,6,2,1.079,4,0,31.38,9.13,11,4.47,37.5,121,7.18,4.21
Tyler Boyd,55,CIN,30,WR,1,38,0,,7,2,6,2,1.076,2,0,32,9.75,11,4.58,34,119,6.9,4.35
Cody Whitehair,56,CHI,34,G,1,52,2,,2,2,1,0,1.056,1,5,32.38,10.13,16,5.08,25.5,110,7.32,4.58
T.J. Green,57,IND,5,S,1,38,0,,5,2,2,3,1.042,1,1,32,9.63,13,4.34,35.5,129,7.1,4.41
Sean Davis,58,PIT,19,S,1,50,1,,8,2,3,8,1.022,1,0,31.38,9.5,21,4.46,37.5,126,6.64,3.97
Roberto Aguayo,59,TB,0,K,1,41,1,,1,2,0,0,1.013,1,10,31.75,9.88,,,,,,
Cyrus Jones,60,NE,4,CB,1,51,1,,12,2,7,4,1.002,2,0,31.38,9.13,19,4.49,33,116,6.71,4.21
Vonn Bell,61,NO,23,S,1,41,0,,2,2,4,1,0.993,2,2,32.38,9.5,16,4.53,30.5,,,
James Bradberry,62,CAR,32,CB,3,36,1,,18,2,8,1,0.99,1,0,33.38,9.13,16,4.5,36,124,6.91,4.21
Adam Gotsis,63,DEN,17,DT,1,42,1,,18,2,8,1,0.984,4,0,34.13,10.75,,,,,,
Kevin Byard,64,TEN,37,S,2,49,2,,12,3,5,2,0.909,2,7,33.5,9.88,,4.46,38,108,6.73,4.15
Carl Nassib,65,CLE,20,DE,1,32,0,,11,3,8,2,0.9,1,13,34.5,10.38,21,4.84,28.5,114,7.27,4.37
Max Tuerk,66,SD,0,C,1,45,1,,3,3,2,0,0.894,5,2,32.5,10.75,22,,,,,
Maliek Collins,67,DAL,27,DT,1,38,0,,10,3,9,12,0.888,2,1,33.13,9.5,25,5.03,29.5,109,7.53,4.52
Will Redmond,68,SF,2,CB,1,27,1,,10,3,9,8,0.885,4,2,30.38,9.13,,,,,,
Yannick Ngakoue,69,JAX,41,DE,1,38,0,,13,3,9,0,0.87,2,8,32.5,9.5,26,4.75,34.5,118,7.35,4.5
Bronson Kaufusi,70,BAL,2,DE,2,49,1,,10,3,10,1,0.864,2,1,34.5,9.75,25,4.87,30,111,7.03,4.25
Darian Thompson,71,NYG,13,S,2,51,2,,4,3,6,0,0.864,2,4,30.38,9.13,12,4.69,32.5,118,7.26,4.33
Jonathan Bullard,72,CHI,9,DT,1,50,1,,9,3,10,4,0.853,2,5,33.63,10,23,4.93,32,116,7.31,4.56
Kenyan Drake,73,MIA,29,RB,1,42,1,,9,3,2,5,0.845,2,7,31.75,9.75,10,4.45,34.5,123,7.04,4.21
KeiVarae Russell,74,KC,2,CB,1,37,1,,9,3,10,4,0.841,4,0,31.63,10,17,4.49,38.5,134,6.84,4
Shilique Calhoun,75,OAK,5,DE,1,54,2,,7,3,11,3,0.825,4,13,34.25,9.88,23,4.82,35,115,6.97,4.25
Shon Coleman,76,CLE,6,T,1,33,1,,8,3,6,7,0.82,3,13,35.13,10.63,22,,,,,
Daryl Worley,77,CAR,19,CB,1,34,0,,21,3,11,1,0.809,2,0,33.38,10.25,14,4.64,35.5,123,6.98,4.15
Joe Thuney,78,NE,44,G,1,42,2,,7,3,2,8,0.803,1,0,32.25,9.63,28,4.95,28.5,110,7.47,4.54
Isaac Seumalo,79,PHI,18,G,1,37,1,,5,3,3,2,0.8,2,2,33,9.88,,5.19,26,105,7.4,4.52
Adolphus Washington,80,BUF,9,DT,1,48,1,,14,3,11,2,0.797,1,16,34.5,9.88,21,5.17,27,99,8.06,4.79
Austin Hooper,81,ATL,24,TE,1,27,0,,3,3,1,1,0.803,2,3,33.75,10.63,19,4.72,33,117,7,4.32
Le'Raven Clark,82,IND,12,T,1,51,2,,7,3,7,2,0.786,2,1,36.13,11.88,18,5.16,30,109,,
Jordan Jenkins,83,NYJ,31,LB,1,52,1,,7,3,7,1,0.781,2,5,34.25,11.25,16,4.8,36.5,121,7.39,4.32
Kendall Fuller,84,WSH,21,CB,1,29,0,,8,3,12,4,0.781,2,0,31.5,10,15,,,,,
Braxton Miller,85,HOU,2,WR,1,49,2,,8,3,7,3,0.779,1,0,31.75,9.13,17,4.5,35,123,6.65,4.07
Leonte Carroo,86,MIA,2,WR,1,42,1,,9,3,8,3,0.775,1,7,31.38,9.63,14,4.5,35.5,120,,
Nick Vigil,87,CIN,22,LB,2,40,1,,19,3,8,0,0.778,3,0,32.38,10.25,15,4.72,31.5,115,6.73,4
Kyler Fackrell,88,GB,16,LB,2,41,2,,11,3,9,6,0.784,4,0,33.25,10.13,15,4.72,34.5,121,,
Javon Hargrave,89,PIT,34,DT,3,34,0,,12,3,12,4,0.779,2,0,32,9.63,29,4.93,34.5,109,7.9,4.7
C.J. Prosise,90,SEA,5,RB,1,37,1,,12,3,3,3,0.778,2,0,32.13,8.5,14,4.48,35.5,121,7.19,4.42
Jacoby Brissett,91,NE,23,QB,1,39,2,,11,3,4,2,0.853,2,0,32.25,9.75,,4.94,31,113,7.17,
Brandon Williams,92,ARZ,4,CB,1,46,1,,32,3,13,9,0.771,1,0,32.5,8.63,18,4.37,30.5,118,6.85,4.19
Cody Kessler,93,CLE,5,QB,1,51,2,,14,3,5,1,0.847,2,13,32.63,10.88,,4.89,29.5,104,7.32,
Nick Vannett,94,SEA,6,TE,1,50,2,,2,3,2,0,0.764,2,0,34.25,10,17,4.89,30.5,111,7.05,4.2
Graham Glasgow,95,DET,32,C,1,41,2,,6,3,3,0,0.759,2,1,33.13,9.75,23,5.13,25,160,7.63,4.63
Vincent Valentine,96,NE,2,DT,1,35,1,,22,3,13,1,0.758,2,0,33.13,9.63,17,5.19,29,110,8.03,4.59
Rees Odhiambo,97,SEA,4,G,2,32,2,,9,3,4,2,0.757,3,0,33.25,9.63,23,,27,93,8.02,4.64
Justin Simmons,98,DEN,39,S,1,50,1,,9,3,7,0,0.767,2,0,32.63,9.63,16,4.61,40,126,6.58,3.85
Joe Schobert,99,CLE,37,LB,1,45,1,,10,4,10,2,0.743,2,13,31.5,9.75,22,4.76,33.5,111,7.11,4.3
Connor Cook,100,OAK,0,QB,1,43,2,,4,4,6,5,0.74,5,13,33,9.75,,4.79,33,113,7.21,
Charles Tapper,101,DAL,0,DE,1,44,1,,23,4,12,5,0.739,5,1,34.38,11.5,23,4.59,34,119,,
Joshua Perry,102,SD,1,LB,1,48,1,,8,4,11,7,0.739,2,2,33.88,10.25,20,4.68,33.5,124,7.21,4.35
Sheldon Day,103,JAX,6,DT,1,48,1,,13,4,14,0,0.737,4,8,32.63,9.63,21,5.07,30,102,7.44,4.5
Tavon Young,104,BAL,11,CB,2,47,1,,23,4,14,1,0.736,2,1,30.63,9.13,9,4.46,34.5,118,6.8,3.93
Parker Ehinger,105,KC,4,G,2,51,1,,13,4,5,7,0.743,1,0,33,9.88,,5.26,27.5,97,,
Eric Murray,106,KC,14,CB,1,51,1,,11,4,15,4,0.742,4,0,31.5,9,15,4.49,39.5,124,7.08,4.05
Chris Moore,107,BAL,4,WR,2,50,2,,29,4,9,2,0.734,4,1,33.38,9.38,10,4.53,37,130,6.76,4.2
Ryan Smith,108,TB,8,CB,3,34,0,,33,4,16,3,0.733,4,10,30.5,8.88,18,4.47,36,122,6.88,4.09
B.J. Goodson,109,NYG,23,LB,1,47,2,,29,4,12,11,0.731,3,4,33.25,10,30,4.69,34.5,118,7.05,4.51
Tyler Higbee,110,LAR,17,TE,2,37,2,,5,4,3,0,0.73,2,11,33.25,10.25,18,,,,,
Miles Killebrew,111,DET,5,S,3,37,0,,11,4,8,0,0.73,4,1,32.13,9.5,22,4.65,38,127,6.93,4.18
Malcolm Mitchell,112,NE,4,WR,1,47,2,,12,4,10,3,0.729,1,0,32.63,10.5,15,4.45,36,129,6.94,4.34
Nick Kwiatkoski,113,CHI,22,LB,1,48,2,,16,4,13,17,0.729,2,5,31.75,9.5,19,4.73,32,120,7.16,4.22
Ricardo Louis,114,CLE,3,WR,1,50,1,,47,4,11,2,0.727,2,13,32.38,9.5,18,4.43,38,132,7.07,4.32
De'Vondre Campbell,115,ATL,32,LB,1,39,0,,35,4,14,1,0.726,1,3,33.63,9.63,16,4.58,34,116,7.07,4.5
Hassan Ridgeway,116,IND,9,DT,1,36,1,,16,4,15,1,0.725,2,1,33,9.38,24,5.02,32,113,8.28,4.82
Pharoh Cooper,117,LAR,6,WR,1,36,0,,10,4,12,5,0.724,2,11,32.25,9.13,15,,31,115,,
Juston Burris,118,NYJ,13,CB,1,51,2,,29,4,17,3,0.723,2,5,31.5,8.88,19,4.53,36.5,122,7.1,4.4
Tyler Ervin,119,HOU,1,RB,2,47,2,,17,4,4,2,0.722,5,0,29.75,9.13,17,4.41,39,130,,
David Onyemata,120,NO,24,DT,4,29,1,,27,4,16,1,0.721,4,2,33.25,10.38,,5.07,33,119,7.25,4.69
Willie Beavers,121,MIN,0,T,2,46,2,,14,4,8,9,0.719,5,0,33.5,9.5,20,5.28,25.5,103,7.96,4.71
Andrew Billings,122,CIN,16,DT,1,36,0,,4,4,17,4,0.719,4,0,33,10,31,5.05,27.5,113,8.05,4.82
Jerald Hawkins,123,PIT,2,T,1,38,1,,11,4,9,0,0.718,4,0,34.25,9.63,23,5.23,23.5,100,8.19,4.89
Deon Bush,124,CHI,6,S,1,46,1,,18,4,9,2,0.717,2,5,30.88,9.25,17,4.64,36,123,6.91,
Antonio Morrison,125,IND,13,LB,1,47,1,,14,4,15,1,0.715,2,1,30.38,9,23,5.1,30,111,7.69,4.6
Demarcus Robinson,126,KC,14,WR,1,32,0,,22,4,13,4,0.714,4,0,33,9.5,9,4.59,34.5,123,6.77,4.19
Deiondre' Hall,127,CHI,2,CB,3,40,0,,17,4,18,1,0.713,5,5,34.38,9.75,,4.68,37,,7.07,4.06
Evan Boehm,128,ARZ,13,C,1,52,1,,4,4,4,3,0.712,2,0,31.63,10.25,24,5.33,28.5,96,7.52,4.69
Derrick Kindred,129,CLE,8,S,1,50,1,,19,4,10,1,0.71,2,13,31.25,9.38,17,4.5,37.5,123,7.05,4.29
Alex Lewis,130,BAL,15,T,1,50,1,,10,4,10,4,0.708,1,1,34,10,27,5.22,29.5,100,7.94,4.72
Blake Martinez,131,GB,41,LB,1,51,1,,15,4,16,6,0.681,1,0,31.63,10.88,22,4.71,28.5,113,6.98,4.2
Willie Henry,132,BAL,4,DT,1,35,1,,17,4,18,2,0.681,4,1,33.38,10.88,28,5,30.5,110,7.57,4.53
Rashard Robinson,133,SF,8,CB,1,20,0,,14,4,19,8,0.681,2,2,32.25,9,5,4.49,35.5,121,7.29,4.5
Kenneth Dixon,134,BAL,5,RB,2,47,1,,3,4,5,4,0.681,5,1,31.38,9.5,18,4.58,37.5,121,6.97,4.28
Dak Prescott,135,DAL,63,QB,1,49,2,,6,4,7,0,0.681,1,1,32.25,10.88,,4.79,32.5,116,7.11,
Devontae Booker,136,DEN,16,RB,1,34,4,,4,4,6,5,0.681,2,0,31.63,8.63,22,,,,,
Dean Lowry,137,GB,29,DE,1,49,1,,23,4,13,4,0.681,3,0,31,9.38,30,4.87,32.5,114,7.26,4.38
Seth Devalve,138,CLE,6,TE,3,19,0,,25,4,4,1,0.681,2,13,32.5,10,22,4.68,40,125,6.96,4.18
Cardale Jones,139,BUF,0,QB,1,22,1,,7,4,8,1,0.681,5,16,33.75,9.75,,4.81,36,,,
Tajae Sharpe,140,TEN,11,WR,2,47,1,,13,5,14,3,0.654,1,7,32.25,8.38,11,4.55,33.5,114,,
Zack Sanchez,141,CAR,1,CB,1,37,1,,13,5,20,1,0.653,2,0,31.38,9.38,19,4.5,35.5,116,7.12,4.51
Ronald Blair,142,SF,6,DE,2,28,0,,11,5,14,4,0.653,4,2,34,10.25,32,5.15,30,113,7.95,4.53
DeAndre Washington,143,OAK,13,RB,1,49,2,,24,5,7,3,0.652,2,13,30,9,24,4.49,34.5,118,7.03,4.2
Connor McGovern,144,DEN,20,G,1,49,2,,4,5,6,1,0.651,4,0,32.88,10.38,33,5.11,33,109,7.5,4.65
John Theus,145,SF,1,T,1,53,1,,16,5,11,3,0.649,2,2,34.5,10.13,19,5.22,28,103,7.9,4.78
Matt Judon,146,BAL,38,DE,4,42,2,,14,5,15,1,0.649,3,1,33.88,9.5,30,4.73,35,109,7.67,4.52
Quinton Jefferson,147,SEA,16,DT,1,38,1,,15,5,19,4,0.648,4,0,33.38,8.88,24,4.95,29,,7.95,4.37
Caleb Benenoch,148,TB,12,T,1,37,0,,15,5,12,0,0.648,2,10,34.13,10,,4.98,28,104,8.15,5.11
Paul Perkins,149,NYG,5,RB,1,39,1,,6,5,8,3,0.648,2,4,31.63,9,19,4.54,32,124,,
Jordan Howard,150,CHI,26,RB,1,32,0,,5,5,9,9,0.647,2,5,32.25,9,16,4.59,34,122,7.14,4.34
Joe Dahl,151,DET,12,G,1,33,0,,6,5,7,0,0.646,4,1,33.13,9.13,28,5.18,31,109,7.64,4.77
Matthew Ioannidis,152,WSH,19,DT,2,43,1,,20,5,20,1,0.646,4,0,32.38,10.13,32,5.03,28,108,7.78,4.71
Wendell Smallwood,153,PHI,10,RB,1,38,0,,20,5,10,4,0.646,2,2,30.5,9.25,14,4.47,33.5,120,6.83,4.28
Jordan Payton,154,CLE,0,WR,1,52,1,,31,5,15,2,0.646,5,13,32.5,10.13,,4.47,34.5,121,7.08,4.33
Joe Haeg,155,IND,23,T,3,45,0,,12,5,13,2,0.646,2,1,33.5,9.75,,5.16,27.5,111,7.47,4.47
Jonathan Williams,156,BUF,3,RB,1,37,1,,8,5,11,7,0.645,4,16,31.63,10,16,,,,,
LeShaun Sims,157,TEN,12,CB,3,37,0,,31,5,21,5,0.645,2,7,31.63,8.13,11,4.53,37,120,7.08,4.19
Brandon Shell,158,NYJ,22,T,1,51,2,,21,5,14,3,0.644,2,5,34.75,10.75,22,5.22,30.5,112,7.62,4.62
K.J. Dillon,159,HOU,0,S,1,48,1,,15,5,11,0,0.644,5,0,31.63,9.63,11,4.53,28,121,7.27,4.43
Kentrell Brothers,160,MIN,4,LB,1,51,1,,11,5,17,1,0.643,4,0,30.75,9.75,19,4.89,28.5,110,6.99,4.11
Christian Westerman,161,CIN,2,G,1,28,2,,3,5,8,0,0.643,4,0,33.5,11.88,34,5.17,25,98,7.69,4.71
Kevin Hogan,162,KC,2,QB,1,51,1,,8,5,9,1,0.649,4,0,32.38,10.25,,4.78,32.5,113,6.9,4.31
Trevor Davis,163,GB,2,WR,1,38,2,,39,5,16,5,0.642,4,0,31,10,11,4.42,38.5,124,6.6,4.22
Halapoulivaati Vaitai,164,PHI,19,T,1,42,1,,17,5,15,4,0.641,2,2,34.25,10,23,5.26,29,113,8.26,5
Tyreek Hill,165,KC,62,WR,4,33,4,,65,5,17,4,0.647,2,0,30.5,8,13,4.29,40.5,129,6.53,4.06
D.J. Reader,166,HOU,24,DT,1,47,1,,18,5,21,0,0.639,2,0,33.63,9.5,30,5.33,29.5,99,7.9,4.71
Marqui Christian,167,ARZ,5,S,4,41,1,,22,5,12,6,0.638,4,0,30.63,9.63,,4.54,35.5,120,6.85,4.27
Spencer Drango,168,CLE,8,T,1,48,2,,13,5,16,7,0.637,2,13,32.75,9.5,30,5.27,27,100,7.88,4.66
Antwione Williams,169,DET,2,LB,2,39,1,,38,5,18,1,0.636,2,1,33.63,9.75,23,4.8,35,118,7.03,4.58
Cole Toner,170,ARZ,2,T,3,26,0,,17,5,17,3,0.631,4,0,33.13,9.75,22,5.32,26,103,7.88,4.59
Alex Collins,171,SEA,15,RB,1,38,0,,7,5,12,3,0.631,4,0,30.25,9.25,18,4.59,28.5,113,,
Rashard Higgins,172,CLE,11,WR,2,38,0,,11,5,18,2,0.631,3,13,32.25,9.75,13,4.64,32,116,,
Trey Caldwell,173,CLE,0,CB,2,48,1,,40,5,22,3,0.631,5,13,29.63,9,,4.51,33.5,114,6.6,4.19
Fahn Cooper,174,SF,0,T,1,41,2,,19,5,18,3,0.631,5,2,34.75,10,19,5.17,25,102,7.85,4.89
Jatavis Brown,175,SD,15,LB,2,47,1,,11,5,19,7,0.631,2,2,31,9,,4.44,35.5,125,7.19,4.31
Andy Janovich,176,DEN,2,FB,1,50,1,,2,6,0,0,0.626,2,0,31.25,9.75,30,4.81,34,119,7.28,4.32
Temarrick Hemingway,177,LAR,0,TE,3,23,0,,20,6,5,0,0.625,5,11,34,10,18,4.72,30.5,115,6.88,4.31
D.J. White,178,KC,1,CB,1,47,1,,19,6,23,4,0.631,5,0,31.5,9.25,17,4.49,33,132,7.18,4.33
Drew Kaser,179,SD,5,P,1,39,2,,1,6,0,1,0.623,1,2,31,9,,,,,,
Moritz Boehringer,180,MIN,0,WR,X,0,X,,65,6,19,6,0.623,5,0,32.63,9.5,,4.49,39,131,6.64,4.09
Tyrone Holmes,181,JAX,1,LB,3,40,0,,36,6,20,1,0.622,5,8,32,9.5,,4.59,37.5,113,7,4.3
Keenan Reynolds,182,BAL,0,RB,2,50,1,,19,6,13,4,0.621,5,1,30.25,8.63,,4.57,37,120,,
Devante Bond,183,TB,4,LB,1,32,4,,31,6,21,8,0.621,4,10,32.38,9.25,21,4.7,37.5,121,7.07,4.36
Jerell Adams,184,NYG,2,TE,1,47,1,,4,6,6,3,0.621,2,4,34.38,9.75,,4.64,32.5,117,7.05,4.31
DeAndre HoustonCarson,185,CHI,5,S,3,34,0,,10,6,13,2,0.62,4,5,30.13,9.13,13,4.54,32.5,115,7.15,4.28
Jakeem Grant,186,MIA,13,WR,1,50,2,,27,6,20,3,0.62,4,7,29.75,8.63,,4.37,36.5,117,7.03,4.03
Nate Sudfeld,187,WSH,1,QB,1,38,1,,13,6,10,1,0.619,5,0,34.25,9.88,,4.93,29,105,7.42,4.48
David Morgan,188,MIN,1,TE,2,32,1,,18,6,7,0,0.619,4,0,33.63,10.5,29,5.02,30,115,6.93,4.19
Anthony Brown,189,DAL,19,CB,1,45,1,,30,6,24,7,0.619,2,1,31.75,8.25,19,4.35,35,115,7.03,4.19
Josh Forrest,190,LAR,2,LB,1,45,2,,26,6,22,3,0.619,2,11,33.5,9.5,11,4.91,30.5,118,7.53,4.38
Jake Rudock,191,DET,0,QB,1,39,2,,17,6,11,0,0.618,5,1,31.38,9.63,,4.88,29,111,7.09,4.22
Kolby Listenbee,192,BUF,0,WR,1,40,1,,28,6,21,0,0.618,5,16,31.38,8.25,15,4.35,35.5,129,,
Sebastian Tretola,193,TEN,0,G,1,37,1,,11,6,9,10,0.618,5,7,31.5,10.38,22,5.45,23.5,90,7.94,5.02
Cory James,194,OAK,7,LB,2,51,2,,40,6,23,3,0.618,2,13,32.75,10,,4.6,35,127,6.65,4.5
Wes Schweitzer,195,ATL,25,G,2,44,2,,30,6,10,3,0.618,3,3,32.63,10.5,,5.15,27.5,108,7.8,4.73
Blake Countess,196,PHI,3,CB,1,51,2,,40,6,25,3,0.618,2,2,28.75,8.5,,4.53,36.5,121,6.82,4.15
Danny Vitale,197,TB,1,FB,1,50,1,,1,6,1,3,0.618,2,10,31.75,9.75,30,4.6,38.5,123,7.12,4.12
Derek Watt,198,SD,1,FB,1,48,2,,2,6,2,0,0.617,2,2,31,10.13,,4.75,33.5,116,,4.29
Cody Core,199,CIN,3,WR,1,51,1,,43,6,22,2,0.617,2,0,32,10.38,14,4.47,31.5,109,6.78,4.34
Kyle Murphy,200,GB,2,T,1,54,1,,9,6,19,2,0.617,3,0,33.5,9.75,23,,,,,
Brandon Allen,201,JAX,4,QB,1,42,2,,8,6,12,0,0.616,4,8,31.75,8.88,,4.84,28,110,7.06,
Anthony Zettel,202,DET,9,DT,1,47,1,,21,6,22,5,0.616,3,1,31.13,9.5,28,4.81,30.5,109,7.63,4.39
Dadi Nicolas,203,KC,1,DE,1,49,2,,17,6,16,3,0.623,5,0,34.75,10.38,14,4.74,41,116,7.04,4.38
Jordan Lucas,204,MIA,4,S,1,46,1,,16,6,14,4,0.615,4,7,30.13,10,,4.45,38.5,130,6.7,4.19
Harlan Miller,205,ARZ,2,CB,3,36,0,,15,6,26,9,0.615,2,0,30.88,8.38,6,4.65,35.5,118,7.44,4.43
Mike Thomas,206,LAR,2,WR,2,24,4,,30,6,23,5,0.614,4,11,31.38,9.38,,4.54,36,126,7.06,4.26
Jeff Driskel,207,SF,6,QB,2,42,2,,12,6,13,7,0.613,4,2,33.5,9.75,,4.56,32,122,7.19,
Kamu GrugierHill,208,NE,14,LB,3,36,0,,43,6,24,6,0.61,4,0,30.5,9.25,,4.45,38.5,129,6.89,4.2
Maurice Canady,209,BAL,3,CB,1,44,1,,16,6,27,1,0.61,4,1,31.63,9.13,16,4.49,38,124,7.03,4.09
Jimmy Landes,210,DET,0,LS,1,40,1,,1,6,0,0,0.61,5,1,30.38,9.63,,5,27.5,110,7.05,4.38
Kelvin Taylor,211,SF,0,RB,1,36,0,,14,6,14,1,0.61,5,2,29.25,8.25,15,4.6,32,113,7.23,4.56
Kavon Frazier,212,DAL,3,S,2,50,1,,17,6,15,8,0.61,4,1,32.25,9,18,4.58,40.5,128,6.88,4.4
Aaron Burbridge,213,SF,1,WR,1,50,1,,14,6,24,18,0.61,2,2,31.63,8.25,20,4.56,30.5,115,7.22,4.31
Elandon Roberts,214,NE,30,LB,2,34,0,,37,6,25,6,0.61,2,0,30.63,9.38,,4.6,36,120,7.2,4.26
Joey Hunt,215,SEA,7,C,1,43,1,,16,6,5,1,0.61,2,0,30,10,,,,,,
Darius Jackson,216,DAL,0,RB,2,43,1,,36,6,15,7,0.61,5,1,31.63,8.63,,4.4,41,133,6.87,4.29
Rico Gathers,217,DAL,0,TE,1,0,1,,25,6,8,3,0.61,4,1,,,,4.79,,115,,4.56
Kevon Seymour,218,BUF,3,CB,1,45,1,,24,6,28,4,0.61,2,16,30.75,9,12,4.39,35,124,,4.18
Will Parks,219,DEN,9,S,1,53,1,,21,6,16,0,0.61,4,0,29.5,10,,4.63,31.5,113,7.02,4.45
Travis Feeney,220,PIT,0,LB,1,52,2,,25,6,26,23,0.61,5,0,33.38,9.5,,4.5,40,130,7.2,4.42
Ted Karras,221,NE,21,G,1,44,2,,17,6,11,8,0.61,1,0,32.5,9.5,,5.34,26.5,106,8.15,4.7
Aaron Wallace,222,TEN,1,LB,1,49,2,,22,7,27,7,0.607,5,7,31.75,9.38,,4.59,36,130,7.45,4.27
Brandon Doughty,223,MIA,0,QB,2,44,2,,14,7,14,6,0.607,5,7,32,9.13,,5.22,27,103,7.49,
Donavon Clark,224,SD,0,G,1,47,2,,30,7,12,3,0.607,5,2,32.75,10.13,,5.19,27,102,7.6,4.72
Devin Lucien,225,NE,0,WR,1,47,2,,44,7,25,3,0.606,5,0,31.88,10.13,,4.49,34.5,117,6.93,4.3
Jonathan Woodard,226,JAX,1,DE,3,35,0,,23,7,17,0,0.606,5,8,34,9.5,,4.89,34,117,7.08,4.4
Stephen Weatherly,227,MIN,8,LB,1,36,1,,24,7,28,1,0.605,4,0,34.5,10.25,23,4.61,31,117,7.07,4.42
Riley Dixon,228,DEN,10,P,1,39,2,,5,7,1,2,0.605,1,0,32.25,9.63,,,,,,
Demarcus Ayers,229,PIT,0,WR,2,40,0,,48,7,26,5,0.605,2,0,31.25,9.25,,4.72,33,123,7.3,4.35
Daniel Braverman,230,CHI,0,WR,2,37,1,,19,7,27,2,0.605,5,5,28.75,9.13,,4.53,28.5,112,6.88,4.16
Thomas Duarte,231,MIA,0,TE,1,38,0,,7,7,9,0,0.605,5,7,33,10,12,4.72,33.5,118,6.97,4.24
Steven Daniels,232,WSH,0,LB,1,46,1,,30,7,29,5,0.604,5,0,32.63,10,16,4.86,32,112,7.33,4.54
Jalen Mills,233,PHI,22,S,1,46,1,,7,7,17,7,0.604,2,2,31.13,9.13,16,4.61,37,123,6.86,4
Vadal Alexander,234,OAK,6,G,1,49,1,,9,7,13,7,0.604,2,13,35.25,10.5,25,5.57,24,95,8.04,4.9
Lac Edwards,235,NYJ,10,P,3,42,0,,4,7,2,0,0.604,1,5,32.38,9.38,,,,,,
Dwayne Washington,236,DET,4,RB,1,34,0,,23,7,16,9,0.604,2,1,32.38,9.88,,4.48,37.5,127,6.85,4.22
Daniel Lasco,237,NO,0,RB,1,42,1,,11,7,17,1,0.604,5,2,32,9.13,23,4.46,41.5,135,7.22,4.26
Devin Fuller,238,ATL,0,WR,1,45,1,,62,7,28,4,0.603,5,3,30.5,9.5,,4.39,36,124,7.03,4.07
Trevor Bates,239,IND,1,LB,3,35,2,,43,7,30,3,0.603,5,1,32.5,9.75,,4.78,33.5,118,6.75,4.25
Alex McCalister,240,PHI,0,DE,1,29,1,,14,7,18,9,0.603,5,2,36,9.38,,4.8,34.5,128,7.01,4
Charone Peake,241,NYJ,1,WR,1,51,2,,16,7,29,2,0.602,2,5,34,9.25,12,4.45,35.5,122,6.96,4.46
Keith Marshall,242,WSH,0,RB,1,33,1,,13,7,18,4,0.601,5,0,31.63,9,25,4.31,30.5,,6.98,4.25
Kenny Lawler,243,SEA,0,WR,1,35,1,,17,7,30,2,0.601,5,0,33.38,10.5,,4.64,31,111,7.13,4.2
Jayron Kearse,244,MIN,5,S,1,40,0,,12,7,18,4,0.601,2,0,34.25,9.63,16,4.62,31.5,124,7.06,4.6
Clayton Fejedelem,245,CIN,7,S,1,25,4,,20,7,19,2,0.601,3,0,30.75,9.63,,4.54,40.5,121,7.17,4.3
Tyler Matakevich,246,PIT,5,LB,2,49,1,,22,7,31,23,0.601,4,0,31.25,9.5,22,4.81,31,112,7.19,4.5
Zac Brooks,247,SEA,0,RB,1,32,1,,36,7,19,3,0.601,5,0,31.5,8.75,,4.49,36,129,7.09,4.38
Austin Blythe,248,IND,29,C,1,50,2,,8,7,6,2,0.6,2,1,30.25,9.38,29,5.36,27.5,99,7.52,4.53
Prince Charles Iworah,249,SF,0,CB,2,40,1,,40,7,29,8,0.6,5,2,31.63,9.5,,4.34,38.5,128,7.12,4.52
Scooby Wright III,250,CLE,1,LB,1,30,0,,21,7,32,2,0.6,5,13,30.5,9.75,22,4.9,31,113,7.25,4.47
Joe Walker,251,PHI,7,LB,1,50,4,,43,7,33,3,0.6,4,2,32.88,10.13,,4.6,37.5,124,6.86,4.39
Beau Sandland,252,CAR,0,TE,3,21,4,,6,7,10,0,0.6,5,0,34.25,10.13,23,4.74,35,124,7.1,4.33
Kalan Reed,253,TEN,0,CB,2,47,1,,26,7,30,5,0.6,5,7,31.38,9,,4.49,41.5,122,7.05,4.17
Trevon Coley,254,BAL,16,DT,2,48,1,,26,8,23,2,0.54,3,1,,,22,4.98,29.5,105,7.02,4.57
Anthony Fabiano,255,BAL,2,G,3,22,0,,30,8,14,2,0.543,2,1,32.25,9.38,25,5.04,32.5,108,7.41,4.42
Wil Lutz,256,BAL,20,K,2,36,0,,5,8,1,3,0.54,1,1,,,,,,,,
Victor Ochi,257,BAL,0,DE,3,32,0,,16,8,19,1,0.54,5,1,33.75,10.13,,4.86,32,119,7.24,4.4
Patrick Onwuasor,258,BAL,20,LB,3,34,1,,43,8,34,7,0.54,2,1,32.38,10.25,24,4.62,36.5,123,7.51,4.6
Michael Pierce,259,BAL,20,DT,3,49,2,,28,8,23,2,0.543,2,1,31.63,9.63,28,5.01,27,115,,
Matt Skura,260,BAL,28,C,1,50,2,,8,8,7,0,0.543,3,1,35.25,10,27,5.39,24,103,7.89,4.76
Alex Erickson,261,CIN,10,WR,1,40,1,,65,8,31,2,0.54,4,0,30.25,9.25,14,4.54,34.5,116,6.68,4.1
Darius Hillary,262,CIN,0,CB,1,54,2,,40,8,31,3,0.54,5,0,31,9.63,8,4.55,35,130,6.99,4.34
Alex Redmond,263,CIN,12,G,1,32,0,,16,8,14,0,0.54,4,0,33.25,9.63,30,5.3,28,111,7.75,4.9
Alonzo Russell,264,CIN,0,WR,2,50,1,,52,8,31,2,0.54,5,0,33.88,9.5,12,4.54,29.5,112,7.18,4.33
Dominque Alexander,265,CLE,1,LB,1,39,0,,17,8,34,2,0.546,5,13,32.25,9,17,4.76,28.5,104,7.84,4.57
J.P. Holtz,266,CLE,1,TE,1,52,1,,25,8,11,1,0.54,4,13,33.5,9.88,20,4.79,33,112,6.92,4.33
Tracy Howard,267,CLE,2,CB,1,51,1,,40,8,31,3,0.543,2,13,31.38,9,14,4.6,36,122,7.3,4.43
Johnny Maxey,268,PIT,0,DE,4,45,2,,23,8,19,2,0.54,5,0,,,,,,,,
Bryson Albright,269,BUF,0,DE,2,48,1,,23,8,19,10,0.54,5,16,32.38,10.25,18,4.89,33,121,6.87,4.25
Reid Ferguson,270,BUF,3,LS,1,51,1,,1,8,1,0,0.54,1,16,30.13,9.88,15,5.08,27.5,104,7.59,4.63
Glenn Gronkowski,271,BUF,0,FB,1,39,1,,4,8,3,0,0.545,5,16,30.75,9.5,17,4.71,33,120,7.1,4.45
Justin Zimmer,272,BUF,2,DT,4,42,1,,28,8,23,2,0.54,5,16,31.38,10.13,44,4.91,32,117,7.09,4.42
James Burgess,273,MIA,11,LB,1,49,1,,39,8,34,8,0.54,4,7,30.38,10.38,21,4.72,32.5,121,6.99,4.72
Marshall Koehn,274,MIA,0,K,1,29,2,,5,8,1,4,0.54,4,7,32.25,9.5,,4.61,,,,
Lafayette Pitts,275,MIA,2,CB,1,52,2,,38,8,31,3,0.54,5,7,29.63,9,12,4.46,33.5,122,6.81,4.27
Rashawn Scott,276,MIA,0,WR,1,32,2,,45,8,31,3,0.543,5,7,31.38,9.38,17,,32.5,116,,
DJ Foster,277,NE,1,WR,1,53,1,,35,8,31,3,0.54,5,0,30.5,9.25,14,4.57,35.5,117,6.75,4.07
Woodrow Hamilton,278,NE,2,DT,1,48,2,,28,8,23,1,0.54,2,0,,,,,,,,
Jonathan Jones,279,NE,17,CB,1,46,1,,20,8,31,4,0.543,2,0,30.25,8.75,10,4.33,36,123,7.25,4.25
Cre'von LeBlanc,280,NE,9,CB,2,45,1,,35,8,31,4,0.543,2,0,29.25,9.13,21,4.67,34,114,6.95,4.21
Robby Anderson,281,NYJ,32,WR,2,30,1,,54,8,31,2,0.543,2,5,30,8.63,8,4.36,36.5,128,7.07,4.27
Bryson Keeton,282,NYJ,0,CB,3,16,1,,40,8,31,3,0.54,5,5,,,,,,,,
Jalin Marshall,283,NYJ,1,WR,1,27,0,,18,8,31,2,0.544,2,5,31.5,9.63,16,4.6,37.5,125,6.8,4.13
Doug Middleton,284,NYJ,2,S,2,37,2,,24,8,20,0,0.545,4,5,30.13,8.88,18,4.5,38.5,131,6.93,4.38
Claude Pelon,285,NYJ,0,DT,1,23,4,,28,8,23,3,0.54,5,5,33.25,9.5,33,5.12,32.5,110,7.8,4.82
Lawrence Thomas,286,NYJ,4,DE,1,46,2,,23,8,19,6,0.545,1,5,33.25,10.13,,4.98,35,113,,
Jason Vander Laan,287,NYJ,0,QB,4,46,1,,25,8,15,1,0.54,4,5,31.5,9.63,27,4.78,30.5,119,6.76,4.16
Stephen Anderson,288,HOU,5,TE,1,37,2,,14,8,11,3,0.542,3,0,32,9.25,16,4.64,38,119,6.95,4.13
Ka'imi Fairbairn,289,HOU,12,K,1,53,1,,2,8,1,0,0.542,3,0,31.25,9.25,,,,,,
Joel Heath,290,HOU,7,DE,1,38,2,,23,8,19,4,0.544,2,0,34.5,10.5,26,5.02,33,113,7.44,4.52
Tevin Jones,291,HOU,0,WR,2,50,2,,65,8,31,3,0.54,5,0,,,,,,,,
Ufomba Kamalu,292,HOU,2,DE,1,35,4,,22,8,19,4,0.542,2,0,35,10,26,5.01,25,106,7.32,4.58
Brennan Scarlett,293,HOU,12,LB,1,32,2,,43,8,34,0,0.542,4,0,33.75,9,25,4.76,31.5,115,7.28,4.64
Wendall Williams,294,HOU,1,WR,4,29,2,,65,8,31,3,0.542,5,0,,,,,,,,
Josh Ferguson,295,IND,1,RB,1,47,2,,16,8,20,4,0.543,5,1,30,9,21,4.48,34.5,120,,
Curt Maggitt,296,IND,1,LB,1,35,2,,34,8,34,3,0.54,5,1,33,10.13,,,,,,
Stefan McClure,297,IND,0,S,1,38,2,,24,8,20,3,0.54,5,1,,,,,,,,
Chris Milton,298,IND,3,CB,1,53,2,,40,8,31,1,0.54,2,1,32.75,9.63,13,4.4,34,123,7.15,4.4
Adam Redmond,299,IND,1,T,3,29,0,,31,8,20,2,0.54,5,1,33.25,10.5,,,,,,
Chester Rogers,300,IND,13,WR,3,35,0,,65,8,31,4,0.54,2,1,,,,,,,,
Tevaun Smith,301,IND,0,WR,1,47,1,,61,8,31,4,0.54,5,1,31.63,9.75,13,4.41,38,122,6.68,4.27
Briean BoddyCalhoun,302,JAX,9,CB,1,38,1,,27,8,31,1,0.54,2,8,31,9.13,10,4.47,35,124,7.16,4.22
Braedon Bowman,303,JAX,0,TE,2,23,4,,25,8,11,0,0.54,5,8,31.38,9.88,26,4.67,35.5,114,7.1,4.37
Rashod Hill,304,JAX,12,T,2,44,1,,31,8,20,3,0.54,4,8,35.38,10.5,21,5.3,26,105,8,4.75
Mike Hilton,305,JAX,13,CB,1,49,1,,40,8,31,1,0.54,4,8,29.75,8.63,13,4.55,33.5,117,6.86,4.19
Jarrod Wilson,306,JAX,15,S,1,49,1,,24,8,20,0,0.542,4,8,32.25,10,17,4.55,36,118,7,4.43
Mehdi Abdesmad,307,TEN,0,DE,1,34,2,,23,8,19,2,0.54,5,7,33.38,9.75,25,5.1,29.5,108,7.55,4.62
Alex Ellis,308,TEN,0,TE,1,26,2,,25,8,11,0,0.54,2,7,32.13,9.5,20,4.79,34.5,121,6.87,4.37
Tyler Marz,309,TEN,1,T,1,51,2,,21,8,20,3,0.54,4,7,33.5,10,19,5.54,27.5,99,8.38,4.97
Aldrick Rosas,310,TEN,8,K,4,26,0,,5,8,1,2,0.54,3,7,,,,,,,,
Antwaun Woods,311,TEN,16,DT,1,51,2,,23,8,23,4,0.54,4,7,31,9.63,,,,,,
Bralon Addison,312,DEN,0,WR,1,39,1,,25,8,31,3,0.54,5,0,29.5,9.13,13,4.66,34.5,116,6.95,4.14
Vontarrius Dora,313,DEN,0,DE,2,46,2,,23,8,19,7,0.54,5,0,,,,,,,,
Mose Frazier,314,DEN,0,WR,2,38,1,,65,8,31,3,0.54,5,0,31.63,8.38,15,4.55,37,125,,
Henry KriegerCoble,315,DEN,0,TE,1,46,2,,9,8,11,6,0.543,5,0,32,9.75,,4.91,33.5,110,7.16,4.48
Justin Murray,316,DEN,10,T,2,30,1,,31,8,20,3,0.54,4,0,34,9.5,20,4.93,29.5,116,8.01,4.79
Aaron Neary,317,DEN,1,C,3,46,1,,19,8,7,2,0.54,4,0,32.63,9.75,26,5.15,28.5,104,7.53,4.47
Kyle Peko,318,DEN,1,DT,1,12,4,,25,8,23,1,0.54,5,0,32.75,9.25,31,5.13,32.5,116,7.3,4.5
Kalif Raymond,319,DEN,3,WR,3,40,1,,65,8,31,3,0.541,4,0,,,,,,,,
Eddie Yarbrough,320,DEN,5,DE,2,47,2,,20,8,19,7,0.54,4,0,32.13,9.75,28,4.8,32.5,116,7.04,4.41
Terrance Smith,321,KC,4,LB,1,45,2,,26,8,34,12,0.545,2,0,32.75,9.88,19,4.77,34.5,120,7.14,4.49
Zach Sterup,322,KC,2,T,1,33,1,,31,8,20,7,0.54,2,0,33.63,9.5,27,5.04,28,104,7.51,4.79
KJ Brent,323,OAK,0,WR,1,49,2,,65,8,31,5,0.54,5,13,31.63,9.75,6,4.54,34,118,6.89,4.3
James Cowser,324,OAK,3,LB,3,37,0,,18,8,34,3,0.54,5,13,32.88,10.25,24,4.73,34,116,,
Kenneth Durden,325,OAK,0,CB,3,30,2,,40,8,31,12,0.54,5,13,,,,,,,,
Antonio Hamilton,326,OAK,2,CB,3,51,2,,40,8,31,12,0.542,4,13,30,8.25,14,4.46,38,132,6.97,4.27
Johnny Holton,327,OAK,3,WR,2,20,4,,45,8,31,5,0.542,4,13,32.88,9.88,8,4.54,31.5,123,,
Denver Kirkland,328,OAK,2,G,1,37,0,,14,8,14,7,0.495,2,13,34.63,9.63,19,5.55,22.5,94,8.72,5.06
Darius Latham,329,OAK,2,DT,1,35,0,,28,8,23,5,0.543,2,13,34.75,10,19,5.32,29,100,7.76,4.63
Max McCaffrey,330,OAK,0,WR,1,53,1,,65,8,31,5,0.54,5,13,32.5,9,9,4.46,36.5,122,7.09,4.15
Tony McRae,331,OAK,2,CB,3,46,1,,40,8,31,12,0.54,4,13,29.25,9,13,4.56,36.5,125,7.55,4.33
Jaydon Mickens,332,OAK,3,WR,1,53,1,,38,8,31,5,0.54,4,13,28.88,9,13,4.54,35.5,121,6.62,3.93
Ryan O'Malley,333,OAK,0,TE,3,38,1,,25,8,11,7,0.54,5,13,31.25,9.25,19,4.77,32,117,7.47,4.53
Jalen Richard,334,OAK,20,RB,2,40,1,,36,8,20,3,0.54,4,13,29.13,8.88,13,4.6,35.5,114,7.36,4.95
Kenneth Farrow,335,SD,2,RB,2,48,2,,36,8,20,4,0.542,2,2,31.38,9.5,23,4.59,38,122,6.95,4.14
Chris Landrum,336,SD,2,LB,3,39,2,,43,8,34,7,0.54,5,2,,,17,4.79,31,113,7.29,4.62
Spencer Pulley,337,SD,15,C,1,50,2,,19,8,7,0,0.541,3,2,31.13,10,28,5.1,28.5,112,7.39,4.48
Trevor Williams,338,SD,11,CB,1,45,1,,40,8,31,1,0.54,2,2,31.13,8.5,16,4.44,35.5,125,6.8,4.22
Ben Braunecker,339,CHI,0,TE,3,25,0,,12,8,11,0,0.54,2,5,32.75,9.5,20,4.73,35.5,121,6.9,4.2
Taveze Calhoun,340,CHI,0,CB,1,50,1,,25,8,31,1,0.54,5,5,31.88,9,14,4.58,33.5,116,6.99,4.5
Kevin Peterson,341,CHI,4,CB,1,50,1,,22,8,31,1,0.54,4,5,30.5,8.88,14,4.66,35.5,121,6.94,4.31
Roy RobertsonHarris,342,CHI,9,DE,2,47,2,,21,8,19,3,0.542,4,5,,,,,,,,
Jace Billingsley,343,DET,0,WR,4,43,1,,65,8,31,7,0.54,5,1,,,,,,,,
Charles Washington,344,DET,3,CB,2,51,2,,40,8,31,2,0.54,5,1,30.38,9.63,18,4.48,41,125,7.23,4.48
Cole Wick,345,DET,0,TE,2,38,1,,25,8,11,3,0.543,5,1,33.75,10.38,14,4.93,36.5,125,7.16,4.32
Geronimo Allison,346,GB,9,WR,1,24,4,,40,8,31,5,0.495,2,0,32.88,9.5,,4.67,33,127,7.4,4.28
Kentrell Brice,347,GB,6,S,2,50,1,,24,8,20,8,0.541,2,0,31.25,9.13,21,4.44,41.5,133,7.66,4.4
Brandon Burks,348,GB,0,RB,2,44,1,,36,8,20,1,0.54,5,0,30,8.25,24,4.56,37,120,6.88,4.18
Joe Callahan,349,GB,0,QB,4,44,2,,26,8,15,6,0.54,5,0,30.25,9.5,18,4.98,33,107,7.47,4.7
Makinton Dorleant,350,GB,0,CB,3,52,2,,40,8,31,6,0.495,5,0,,,16,4.4,39,123,7.03,4.45
Marwin Evans,351,GB,2,S,2,27,4,,24,8,20,8,0.54,4,0,32.25,8.75,19,4.47,42,121,7.26,4.27
Reggie Gilbert,352,GB,5,LB,1,61,2,,43,8,34,6,0.54,4,0,32.25,9.13,24,4.88,33.5,114,7.31,4.53
Josh Hawkins,353,GB,2,CB,2,50,2,,40,8,31,6,0.542,4,0,32.5,8,14,4.39,40.5,125,7.22,4.09
Don Jackson,354,GB,0,RB,2,35,4,,36,8,20,1,0.542,2,0,29.75,9.38,15,4.5,38.5,118,7.09,4.34
Brian Price,355,GB,2,DT,2,40,4,,28,8,23,0,0.54,4,0,30.63,9.38,20,5.17,27,103,8.22,4.72
Herb Waters,356,GB,0,WR,1,49,1,,65,8,31,5,0.54,5,0,32.63,9.25,14,4.51,38.5,121,6.73,4.1
Kyle Carter,357,MIN,0,TE,1,43,1,,13,8,11,0,0.54,5,0,34.13,10.25,13,4.64,35.5,122,7.09,4.37
C.J. Ham,358,MIN,5,RB,4,43,1,,36,8,20,5,0.49,4,0,31.25,9.13,22,4.65,37,118,7.34,4.35
Marken Michel,359,MIN,0,WR,2,27,1,,65,8,31,6,0.45,5,0,,,,,,,,
Jake Brendel,360,DAL,2,C,1,52,2,,12,8,7,0,0.54,4,1,31.63,9,25,5.01,28,108,7.31,4.27
Rodney Coe,361,DAL,0,DT,2,24,4,,28,8,23,12,0.54,5,1,32.88,9.75,,,,,,
Ed Eagan,362,DAL,0,WR,3,44,1,,53,8,31,6,0.54,5,1,,,,,,,,
Andy Jones,363,DAL,1,WR,3,41,1,,65,8,31,6,0.545,5,1,32,9.38,11,4.55,41.5,133,6.97,4.35
Deon King,364,DAL,1,LB,3,46,1,,43,8,34,10,0.542,5,1,30.88,9.25,,4.7,32.5,121,7.25,4.4
Austin Traylor,365,DAL,1,TE,1,38,2,,25,8,11,3,0.54,4,1,32.75,9.25,16,4.91,33.5,113,7.44,4.7
Zach Wood,366,DAL,6,DE,2,43,2,,23,8,19,5,0.54,3,1,,,25,4.9,31,99,7.43,4.67
Andrew Adams,367,NYG,13,S,2,44,2,,24,8,20,0,0.54,2,4,31.75,9.25,24,4.54,33,118,6.96,4.32
Donte Deayon,368,NYG,0,CB,2,40,1,,37,8,31,2,0.54,5,4,29.38,8.5,12,4.57,37.5,127,6.78,4.2
Michael Hunter,369,NYG,0,CB,1,49,2,,40,8,31,2,0.54,5,4,32,8.75,17,4.4,38.5,121,7.27,4.29
Roger Lewis,370,NYG,4,WR,2,28,4,,26,8,31,0,0.546,2,4,32,9.75,8,4.57,33.5,116,,
Ryan Malleck,371,NYG,0,TE,1,52,2,,17,8,11,3,0.54,5,4,32.5,9.38,18,,34.5,121,7,4.33
Romeo Okwara,372,NYG,17,DE,1,52,1,,19,8,19,3,0.545,2,4,34.13,10.13,23,4.9,33,120,7.38,4.53
Darius Powe,373,NYG,0,WR,1,46,1,,65,8,31,0,0.54,4,4,,,,,,,,
Quentin Gause,374,PHI,0,LB,1,49,2,,43,8,34,3,0.542,5,2,,,,,,,,
Dillon Gordon,375,PHI,0,TE,1,30,1,,25,8,11,4,0.543,5,2,,,,,,,,
Marcus Johnson,376,PHI,5,WR,1,35,1,,65,8,31,3,0.541,4,2,31.88,9.25,22,4.39,37,135,7.26,4.39
Hunter Sharp,377,PHI,0,WR,2,25,4,,22,8,31,3,0.541,4,2,31.63,9.38,12,4.58,32.5,116,7.12,4.19
C.J. Smith,378,PHI,1,CB,2,58,1,,40,8,31,3,0.542,5,2,31.63,9.5,7,4.57,39,131,7,4.31
Paul Turner,379,PHI,1,WR,2,31,2,,65,8,31,3,0.541,2,2,30.63,9.5,18,4.55,39,122,7.25,4.31
Destiny Vaeao,380,PHI,3,DT,1,41,1,,24,8,23,4,0.543,4,2,32.5,10,27,5.21,35.5,108,7.73,4.56
Maurice Harris,381,WSH,3,WR,1,42,2,,65,8,31,3,0.541,4,0,,,,,,,,
Rob Kelley,382,WSH,6,RB,2,50,2,,36,8,20,4,0.541,2,0,30,9.5,16,4.68,29.5,110,7.19,4.63
Joe Kerridge,383,WSH,0,FB,1,42,2,,9,8,3,0,0.54,5,0,31.13,9.5,24,4.89,34.5,117,7.09,4.24
Anthony Lanier,384,WSH,2,DE,3,35,1,,23,8,19,1,0.543,4,0,,,,,,,,
J.D. McKissic,385,ATL,11,WR,2,51,2,,65,8,31,4,0.54,4,3,29,9.63,17,4.57,37,122,7,4.44
Sharrod Neasman,386,ATL,5,S,2,42,1,,24,8,20,0,0.543,4,3,32,9,25,4.68,37,128,6.78,4.03
Josh Perkins,387,ATL,1,TE,1,47,2,,25,8,11,1,0.541,4,3,32.63,9.13,12,4.65,34,126,7.04,4.38
Brian Poole,388,ATL,23,CB,1,49,1,,36,8,31,3,0.541,1,3,,,,4.5,29,112,7.14,4.43
Nick Rose,389,ATL,0,K,1,51,1,,5,8,1,1,0.54,4,3,,,,,,,,
Brandon Wilds,390,ATL,0,RB,1,42,2,,28,8,20,2,0.54,5,3,32,10.25,21,4.54,36.5,118,7.08,4.33
Jeremy Cash,391,CAR,1,S,1,44,2,,6,8,20,0,0.547,5,0,32.38,10.5,,,,,,
Jared Norris,392,CAR,2,LB,1,41,2,,28,8,34,7,0.547,5,0,31.5,10.13,19,4.8,29.5,114,,4.52
Ken Crawley,393,NO,10,CB,1,48,1,,34,8,31,0,0.542,2,2,30.5,9,7,4.43,36.5,119,6.81,4.3
Trae Elston,394,NO,1,S,1,50,1,,23,8,20,1,0.54,4,2,29.13,8.88,,4.5,34.5,119,7.34,4.5
Jake Lampman,395,NO,0,WR,4,48,2,,65,8,31,1,0.54,5,2,,,,,,,,
Tommylee Lewis,396,NO,3,WR,2,49,2,,65,8,31,1,0.542,2,2,29.38,8.13,11,4.48,34,120,7.13,4.22
Mitchell Loewen,397,NO,0,DE,1,36,2,,23,8,19,1,0.542,5,2,34.13,9.88,30,,,,,
Landon Turner,398,NO,1,G,1,49,2,,8,8,14,4,0.542,4,2,32.88,10.38,30,5.58,19,88,,
Peyton Barber,399,TB,14,RB,1,19,0,,15,8,20,1,0.54,4,10,30.25,9.38,20,4.64,32.5,111,7.3,4.21
Alan Cross,400,TB,0,TE,2,49,2,,25,8,11,0,0.495,4,10,31.75,9.25,17,4.84,30.5,109,7.44,4.58
Javien Elliott,401,TB,6,CB,1,12,1,,40,8,31,3,0.54,2,10,29.5,8.63,,4.63,34.5,116,7.18,4.39
Russell Hansbrough,402,TB,0,RB,1,48,1,,36,8,20,1,0.54,5,10,,,,,,,,
Isaiah Johnson,403,TB,3,CB,1,45,2,,39,8,31,3,0.541,4,10,,,,,,,,
Davonte Lambert,404,TB,3,DT,1,43,4,,28,8,23,5,0.54,2,10,,,,,,,,
Cassanova McKinzy,405,TB,0,LB,1,47,1,,32,8,34,8,0.543,5,10,31.25,9.88,21,4.83,,118,7.5,4.37
Luke Rhodes,406,TB,11,LB,3,47,1,,42,8,34,8,0.54,2,10,29.88,10.13,29,4.73,35,118,7.13,4.32
Channing Ward,407,TB,1,DT,1,51,1,,28,8,23,5,0.54,2,10,31.5,9.13,,4.76,26.5,105,7.46,4.59
Leonard Wester,408,TB,3,T,1,40,1,,31,8,20,0,0.547,4,10,34,9.63,20,5.17,29,108,7.92,4.73
Kameron Canaday,409,ARZ,3,LS,3,41,1,,1,8,1,0,0.54,2,0,33.13,9.38,12,5.16,33,113,,4.63
Matthias Farley,410,ARZ,9,S,1,52,2,,24,8,20,6,0.54,3,0,31.38,9.75,21,4.5,33,120,7.13,4.3
Trevon Hartfield,411,ARZ,0,S,4,12,0,,24,8,20,6,0.54,5,0,31,9,19,4.48,32.5,122,7.12,4.6
Elijhaa Penny,412,ARZ,2,RB,2,23,4,,36,8,20,2,0.54,4,0,30.25,9.13,21,4.81,28.5,108,7.2,4.55
Givens Price,413,ARZ,0,T,1,24,1,,31,8,20,3,0.54,5,0,34.25,10.38,24,5.08,32,110,7.48,4.64
Hakeem Valles,414,ARZ,0,TE,3,38,2,,25,8,11,0,0.542,2,0,33.38,9.75,15,4.69,33.5,118,7.28,4.46
Morgan Fox,415,LAR,9,DE,4,49,1,,23,8,19,12,0.54,4,11,31.88,9.25,23,4.89,35,115,7.44,4.36
Aaron Green,416,LAR,0,RB,1,50,1,,20,8,20,9,0.54,5,11,31.13,8.38,18,4.56,32.5,120,6.81,4.04
Cory Littleton,417,LAR,27,LB,1,49,1,,41,8,34,3,0.545,2,11,33.38,10.13,,4.73,29.5,114,7.11,4.32
Paul McRoberts,418,LAR,0,WR,3,37,1,,24,8,31,5,0.543,5,11,,,,,,,,
Pace Murphy,419,LAR,0,T,3,35,1,,31,8,20,5,0.541,5,11,33.13,9.63,27,5.16,30,112,7.54,4.59
Kache Palacio,420,LAR,0,LB,1,50,1,,43,8,34,3,0.54,5,11,32.5,10,21,4.78,34,119,,
Duke Williams,421,LAR,1,WR,1,35,4,,34,8,31,5,0.54,4,11,32.5,9.25,14,4.72,30,121,7.43,4.47
Alex Balducci,422,SF,0,G,1,44,1,,30,8,14,2,0.54,5,2,33,9.25,25,5.01,33,113,7.55,4.63
Wynton McManis,423,SF,0,LB,1,47,1,,43,8,34,13,0.54,5,2,30.88,9.63,21,4.68,34.5,123,7.14,4.39
Bryce Treggs,424,SF,2,WR,1,46,1,,57,8,31,18,0.54,2,2,30.88,9.13,16,4.39,34,122,7,4.19
Trevone Boykin,425,SEA,0,QB,1,48,2,,21,8,15,0,0.545,5,0,31.63,9.38,,4.77,32,110,,
Brandin Bryant,426,SEA,0,DT,2,43,1,,28,8,23,4,0.54,5,0,31.5,10.5,38,4.88,28,11,7.27,4.35
DeAndre Elliot,427,SEA,1,CB,2,47,2,,28,8,31,1,0.543,5,0,,,,4.55,,,,3.94
George Fant,428,SEA,18,T,2,12,0,,31,8,20,4,0.547,2,0,34.88,9.75,22,4.84,37,119,7.2,4.54
Steve Longa,429,SEA,2,LB,1,37,1,,33,8,34,4,0.54,5,0,32,9.75,19,4.78,32,116,7.5,4.56
Tre Madden,430,SEA,1,RB,1,33,2,,22,8,20,3,0.54,3,0,29.75,9.38,24,4.6,33.5,120,7.09,4.27
Tanner McEvoy,431,SEA,2,S,1,38,1,,24,8,20,6,0.54,5,0,,,17,,33.5,117,7,4.29
Tyvis Powell,432,SEA,1,S,1,41,1,,14,8,20,6,0.54,4,0,32.75,9.5,15,4.46,34.5,120,7.03,4.25
Pete Robertson,433,SEA,0,LB,1,52,2,,43,8,34,4,0.54,5,0,31.75,9.13,21,5.12,28.5,107,7.38,4.52
Taniela Tupou,434,SEA,0,FB,1,45,2,,9,8,3,1,0.54,5,0,31.25,9.88,25,5.04,28.5,111,7.3,4.53
